FieldName	FieldType	Govt_Sinakble_1	Govt_IndexLinked_1	Corp_Callable_1	Corp_Floater_1	Corp_ZeroCoupon_1	Govt_Fixed_1	Govt_Fixed_2	Govt_Putable_1	Govt_ZeroCoupon_1	Agency_Fixed_1	Agency_Callable_1	Agency_ZeroCoupon_1
BaseAnnuity	Integer	0	0	0	0	0	0	0	0	0	0	0	0
BasisDecStatic	Integer	0	0	0	0	0	0	0	0	0	0	0	0
BasisFmtStatic	Integer	0	0	0	0	0	0	0	0	0	0	0	0
BasisMaxStatic	Integer	0	0	0	0	0	0	0	0	0	0	0	0
BasisMinStatic	Integer	0	0	0	0	0	0	0	0	0	0	0	0
BasisTickStatic	Integer	0	0	0	0	0	0	0	0	0	0	0	0
BBG_CouponTypeResetDate	Integer	0	0	0	0	0	0	0	0	0	0	0	0
BBGId	String	BBG00008J046	BBG00000S7C9	BBG0000CBML8	BBG00003GGJ9	BBG000085NT4	BBG007GY22Y8	BBG008LFMMP5	BBG0000607F3	BBG009LR0159	BBG004647Z83	BBG00000YWY3	BBG0000215C8
BBGSecurityTypeStr	String							Bond		Bill			
Benchmark	Integer	0	0	0	0	0	0	0	0	0	0	0	0
BenchmarkId	String	EK276991   Corp	EJ671420   Corp				912810RM   Govt	912828XP   Govt	912828XK   Govt		ED828615   Corp		912796FZ   Govt
BenchmarkStr	String	No	No	No	No	No	No	No	No	No	No	No	No
BidGTAsk	Integer	0	0	0	0	0	0	0	0	0	0	0	0
BidGTAskStr	String												
BloombergSecurityId	String	ALTA 5.033 12/17/18	CAN 4.25 12/01/21 CPI	BANQUE V0 06/14/16 EMTN	AARB F P04/29/49	TATSON 0 11/30/19 F	T 3 11/15/44	T 0.5 04/30/17	Q 6.54 08/07/18 EMTN	B 0 07/21/16	KBN 3.76 03/16/17 EMTN	KRCLIN 5.75 08/01/15 11A1	FNMASC 0 02/12/16 AGCY
CalculationType	Integer	48	449	21	473	1139	102	1	133	5	1	1139	1
CalculationTypeDescription	String	CANADA:COMPND METH	CANADA I/L:STREET	FLOAT RATE NOTE	PERPETUAL FLOATER	INDIA: CORP BOND	STREET CONVENTION	STREET CONVENTION	MULTI-COUPON	DISCOUNT	STREET CONVENTION	INDIA: CORP BOND	STREET CONVENTION
Calendar	String	CA	CA	SZ	TE	RB	US	US	US	US	ID	RB	US
CalendarCountry	String	CA	CA	LX	GE	IN	US	US	CA	US	NO	IN	US
CallBusDaysInd	String			N	N							N	
CallDaysNotice	Integer			30									
Called	String	N	N	N	N	N	N	N	N	N	N	N	N
CallFeature	String			Quarterly	Annual							Onetime	
CallSchedule	String			;2;20;2;5;06/14/2011;3;100.000000000000;5;09/14/2011;3;100.000000000000;5;12/14/2011;3;100.000000000000;5;03/14/2012;3;100.000000000000;5;06/14/2012;3;100.000000000000;5;09/14/2012;3;100.000000000000;5;12/14/2012;3;100.000000000000;5;03/14/2013;3;100.000000000000;5;06/14/2013;3;100.000000000000;5;09/14/2013;3;100.000000000000;5;12/14/2013;3;100.000000000000;5;03/14/2014;3;100.000000000000;5;06/14/2014;3;100.000000000000;5;09/14/2014;3;100.000000000000;5;12/14/2014;3;100.000000000000;5;03/14/2015;3;100.000000000000;5;06/14/2015;3;100.000000000000;5;09/14/2015;3;100.000000000000;5;12/14/2015;3;100.000000000000;5;03/14/2016;3;100.000000000000;	;2;35;2;5;04/30/2014;3;100.000000000000;5;04/30/2015;3;100.000000000000;5;04/30/2016;3;100.000000000000;5;04/30/2017;3;100.000000000000;5;04/30/2018;3;100.000000000000;5;04/30/2019;3;100.000000000000;5;04/30/2020;3;100.000000000000;5;04/30/2021;3;100.000000000000;5;04/30/2022;3;100.000000000000;5;04/30/2023;3;100.000000000000;5;04/30/2024;3;100.000000000000;5;04/30/2025;3;100.000000000000;5;04/30/2026;3;100.000000000000;5;04/30/2027;3;100.000000000000;5;04/30/2028;3;100.000000000000;5;04/30/2029;3;100.000000000000;5;04/30/2030;3;100.000000000000;5;04/30/2031;3;100.000000000000;5;04/30/2032;3;100.000000000000;5;04/30/2033;3;100.000000000000;5;04/30/2034;3;100.000000000000;5;04/30/2035;3;100.000000000000;5;04/30/2036;3;100.000000000000;5;04/30/2037;3;100.000000000000;5;04/30/2038;3;100.000000000000;5;04/30/2039;3;100.000000000000;5;04/30/2040;3;100.000000000000;5;04/30/2041;3;100.000000000000;5;04/30/2042;3;100.000000000000;5;04/30/2043;3;100.000000000000;5;04/30/2044;3;100.000000000000;5;04/30/2045;3;100.000000000000;5;04/30/2046;3;100.000000000000;5;04/30/2047;3;100.000000000000;5;04/30/2048;3;100.000000000000;							;2;1;2;5;07/01/2008;3;100.000000000000;	
CashType	Integer	1	1	1	1	1	1	1	1	1	1	1	1
CashTypeStr	String	Bonds	Bonds	Bonds	Bonds	Bonds	Bonds	Bonds	Bonds	Bonds	Bonds	Bonds	Bonds
Categories	String												
CDS	Integer	0	0	0	0	0	0	0	0	0	0	0	0
CMPD_FREQ_CNV_YLD	Integer	2	2	4	1	1	2	2	2	0	2	1	2
Code	String	CA013051CW52	CA135087UL60	CH0025572386	DE0007070088	INE976I08078	US912810RJ97	US912828K668	XS0089070485	US912796GW34	XS0895026242	INE139F09382	US008452CF98
CodeType	Integer	2	2	2	2	2	2	2	2	2	2	2	2
CodeTypeStr	String	ISIN	ISIN	ISIN	ISIN	ISIN	ISIN	ISIN	ISIN	ISIN	ISIN	ISIN	ISIN
CollateralType	String	DEBENTURES	BONDS	SUBORDINATED	JR SUBORDINATED	SUBORDINATED			SR UNSECURED		SR UNSECURED	GOVT GUARANTEED	DEBENTURES
Country	String	CA	CA	LU	DE	IN	US	US	CA	US	NO	IN	US
CountryOfRisk	String	CA	CA	LU	DE	IN	US	US	CA	US	NO	IN	US
CouponConvention	String			Mod bus day - adj	Following bus day - unadj								
CouponDayCntConvention	Integer	1	1	3	3	1	1	1	34	3	34	1	11
CouponDayCntConventionBBG	Integer	1	1	2	2	1	1	1	20	2	20	1	5
CouponDayCntConventionStr	String	ACT/ACT	ACT/ACT	ACT/360	ACT/360	ACT/ACT	ACT/ACT	ACT/ACT	30/360.ISMA	ACT/360	30/360.ISMA	ACT/ACT	30/360
CouponFreq	Integer	2	2	4	1	0	2	2	2	0	2	1	0
CouponInterest	Real	5.033	4.25	0	2.268	0	3	0.5	6.54	0	3.76	5.75	0
CouponSchedule	String								;2;2;2;5;08/07/2008;2;5.880000000000;5;08/07/2018;2;6.540000000000;				
CouponType	String	FIXED	FIXED	VARIABLE	FLOATING	ZERO COUPON	FIXED	FIXED	STEP CPN	NONE	FIXED	FIXED	ZERO COUPON
CPN_FREQ_YLD_CNV	Integer	2	2	4	1	1	2	2	2	0	2	1	2
Currency	Integer	5	5	6	1	19	2	2	2	2	20	19	2
CurrencyStr	String	CAD	CAD	CHF	EUR	INR	USD	USD	USD	USD	IDR	INR	USD
CurrentCoupon	Real	0	0	0	2.268	0	0	0	0	0	0	0	0
Cusip	String	013051CW5	135087UL6	EF4059491	EC7013914	EI1316922	912810RJ9	912828K66	EC0102243	912796GW3	EJ5712306	ED0412541	008452CF9
DateCalled	Date	0	0	0	0	0	0	0	0	0	0	0	0
DateFinalMaturity	Date	20181217	20211201	20160614	20490429	20191130	20441115	20170430	20180807	20160721	20170316	20150801	20160212
DateFirstCoupon	Date	20040617	19920601	20070614	20030430	0	20150515	20151031	19990207	0	20130916	20040801	0
DateFirstSettlement	Date	20031217	19911210	20060614	20021008	20091130	0	0	19980807	0	20130327	20030801	19890315
DateInterestAccrual	Date	20031217	19911210	20060614	20021008	0	20141115	20150430	19980807	0	20130327	20030801	0
DateIssue	Date	20031217	19911210	20060614	20021008	20091130	20141117	20150430	19980807	20150723	20130327	20030801	19890315
DateLastCoupon	Date	20180617	20210601	20160314	0	0	20440515	20161031	20180207	0	20160916	20140801	0
DateMaturity	Date	20181217	20211201	20160614	0	20191130	20441115	20170430	20180807	20160721	20170316	20150801	20160212
DateSettl	Date	20150811	20150811	20150807	20150810	20150807	20150806	20150806	20150810	20150827	20150908	0	20150908
DateStart	Date	0	0	0	0	0	0	0	0	0	0	0	0
DateStop	Date	0	0	0	0	0	0	0	0	0	0	0	0
DayCount	Integer	1	1	2	2	1	1	1	20	2	20	1	5
DayPayerFreq	Integer	0	0	0	0	0	0	0	0	0	0	0	0
Desc	String	ALTA 5.033 12/17/18	CAN 4 1/4 12/01/21	BANQUE 0 06/14/16	AARB 0 04/29/49	TATSON 0 11/30/19	T 3 11/15/44	T 0 1/2 04/30/17	Q 6.54 08/07/18	B 07/21/16	KBN 3.76 03/16/17	KRCLIN 5 3/4 08/01/15	FNMASC 0 02/12/16
DesCashFlow	String	;2;30;3;5;06/17/2004;2;25165.000000000000;2;22717.814999999999;5;12/17/2004;2;24593.306000000000;2;23289.508999999998;5;06/17/2005;2;24007.225999999999;2;23875.589000000000;5;12/17/2005;2;23406.397000000001;2;24476.418000000001;5;06/17/2006;2;22790.447000000000;2;25092.366999999998;5;12/17/2006;2;22158.998000000000;2;25723.816999999999;5;06/17/2007;2;21511.657999999999;2;26371.156999999999;5;12/17/2007;2;20848.027999999998;2;27034.787000000000;5;06/17/2008;2;20167.698000000000;2;27715.116999999998;5;12/17/2008;2;19470.246999999999;2;28412.567999999999;5;06/17/2009;2;18755.243999999999;2;29127.570000000000;5;12/17/2009;2;18022.249000000000;2;29860.565999999999;5;06/17/2010;2;17270.808000000001;2;30612.007000000001;5;12/17/2010;2;16500.456999999999;2;31382.358000000000;5;06/17/2011;2;15710.719999999999;2;32172.095000000001;5;12/17/2011;2;14901.109000000000;2;32981.705999999998;5;06/17/2012;2;14071.124000000000;2;33811.690000000002;5;12/17/2012;2;13220.253000000001;2;34662.561999999998;5;06/17/2013;2;12347.969999999999;2;35534.845000000001;5;12/17/2013;2;11453.735000000001;2;36429.078999999998;5;06/17/2014;2;10536.998000000000;2;37345.817000000003;5;12/17/2014;2;9597.190000000001;2;38285.625000000000;5;06/17/2015;2;8633.732000000000;2;39249.082000000002;5;12/17/2015;2;7646.029000000000;2;40236.786000000000;5;06/17/2016;2;6633.471000000000;2;41249.343999999997;5;12/17/2016;2;5595.431000000000;2;42287.383999999998;5;06/17/2017;2;4531.269000000000;2;43351.546000000002;5;12/17/2017;2;3440.327000000000;2;44442.487999999998;5;06/17/2018;2;2321.932000000000;2;45560.883000000002;5;12/17/2018;2;1175.392000000000;2;46707.423000000003;	;2;60;3;5;06/01/1992;2;20332.007000000001;2;0.000000000000;5;12/01/1992;2;21537.299999999999;2;0.000000000000;5;06/01/1993;2;21792.937000000002;2;0.000000000000;5;12/01/1993;2;21920.862000000001;2;0.000000000000;5;06/01/1994;2;21844.150000000001;2;0.000000000000;5;12/01/1994;2;21972.075000000001;2;0.000000000000;5;06/01/1995;2;22304.637999999999;2;0.000000000000;5;12/01/1995;2;22458.062999999998;2;0.000000000000;5;06/01/1996;2;22637.200000000001;2;0.000000000000;5;12/01/1996;2;22790.625000000000;2;0.000000000000;5;06/01/1997;2;23071.974999999999;2;0.000000000000;5;12/01/1997;2;23174.187999999998;2;0.000000000000;5;06/01/1998;2;23302.112000000001;2;0.000000000000;5;12/01/1998;2;23327.825000000001;2;0.000000000000;5;06/01/1999;2;23532.250000000000;2;0.000000000000;5;12/01/1999;2;23941.525000000001;2;0.000000000000;5;06/01/2000;2;24248.588000000000;2;0.000000000000;5;12/01/2000;2;24581.150000000001;2;0.000000000000;5;06/01/2001;2;24836.788000000000;2;0.000000000000;5;12/01/2001;2;25220.562999999998;2;0.000000000000;5;06/01/2002;2;25297.275000000001;2;0.000000000000;5;12/01/2002;2;25808.761999999999;2;0.000000000000;5;06/01/2003;2;26371.674999999999;2;0.000000000000;5;12/01/2003;2;26371.674999999999;2;0.000000000000;5;06/01/2004;2;26576.312999999998;2;0.000000000000;5;12/01/2004;2;26857.662000000000;2;0.000000000000;5;06/01/2005;2;27190.012999999999;2;0.000000000000;5;12/01/2005;2;27727.213000000000;2;0.000000000000;5;06/01/2006;2;27778.424999999999;2;0.000000000000;5;12/01/2006;2;27931.849999999999;2;0.000000000000;5;06/01/2007;2;28417.837000000000;2;0.000000000000;5;12/01/2007;2;28622.474999999999;2;0.000000000000;5;06/01/2008;2;28801.612000000001;2;0.000000000000;5;12/01/2008;2;29594.450000000001;2;0.000000000000;5;06/01/2009;2;29159.674999999999;2;0.000000000000;5;12/01/2009;2;29338.599999999999;2;0.000000000000;5;06/01/2010;2;29568.950000000001;2;0.000000000000;5;12/01/2010;2;29901.511999999999;2;0.000000000000;5;06/01/2011;2;30540.924999999999;2;0.000000000000;5;12/01/2011;2;30847.775000000001;2;0.000000000000;5;06/01/2012;2;31129.125000000000;2;0.000000000000;5;12/01/2012;2;31205.837000000000;2;0.000000000000;5;06/01/2013;2;31436.187999999998;2;0.000000000000;5;12/01/2013;2;31538.400000000001;2;0.000000000000;5;06/01/2014;2;31922.174999999999;2;0.000000000000;5;12/01/2014;2;32178.025000000001;2;0.000000000000;5;06/01/2015;2;32305.737000000001;2;0.000000000000;5;12/01/2015;2;27683.650000000001;2;0.000000000000;5;06/01/2016;2;28381.500000000000;2;0.000000000000;5;12/01/2016;2;29096.987000000001;2;0.000000000000;5;06/01/2017;2;29830.537000000000;2;0.000000000000;5;12/01/2017;2;30582.575000000001;2;0.000000000000;5;06/01/2018;2;31353.525000000001;2;0.000000000000;5;12/01/2018;2;32144.025000000001;2;0.000000000000;5;06/01/2019;2;32954.286999999997;2;0.000000000000;5;12/01/2019;2;33785.161999999997;2;0.000000000000;5;06/01/2020;2;34636.862999999998;2;0.000000000000;5;12/01/2020;2;35510.025000000001;2;0.000000000000;5;06/01/2021;2;36405.286999999997;2;0.000000000000;5;12/01/2021;2;37323.074999999997;2;1756380.000000000000;	;2;37;3;5;06/14/2007;2;27881.944000000000;2;0.000000000000;5;09/14/2007;2;5112.500000000000;2;0.000000000000;5;12/14/2007;2;5112.500000000000;2;0.000000000000;5;03/14/2008;2;5112.500000000000;2;0.000000000000;5;06/16/2008;2;5112.500000000000;2;0.000000000000;5;09/15/2008;2;5112.500000000000;2;0.000000000000;5;12/15/2008;2;5112.500000000000;2;0.000000000000;5;03/16/2009;2;5112.500000000000;2;0.000000000000;5;06/15/2009;2;5112.500000000000;2;0.000000000000;5;09/14/2009;2;5112.500000000000;2;0.000000000000;5;12/14/2009;2;5112.500000000000;2;0.000000000000;5;03/15/2010;2;5112.500000000000;2;0.000000000000;5;06/14/2010;2;5112.500000000000;2;0.000000000000;5;09/14/2010;2;5112.500000000000;2;0.000000000000;5;12/14/2010;2;5112.500000000000;2;0.000000000000;5;03/14/2011;2;5112.500000000000;2;0.000000000000;5;06/14/2011;2;5112.500000000000;2;0.000000000000;5;09/14/2011;2;5112.500000000000;2;0.000000000000;5;12/14/2011;2;5112.500000000000;2;0.000000000000;5;03/14/2012;2;5112.500000000000;2;0.000000000000;5;06/14/2012;2;5112.500000000000;2;0.000000000000;5;09/14/2012;2;5112.500000000000;2;0.000000000000;5;12/14/2012;2;5112.500000000000;2;0.000000000000;5;03/14/2013;2;5112.500000000000;2;0.000000000000;5;06/14/2013;2;5112.500000000000;2;0.000000000000;5;09/16/2013;2;5112.500000000000;2;0.000000000000;5;12/16/2013;2;5112.500000000000;2;0.000000000000;5;03/14/2014;2;5112.500000000000;2;0.000000000000;5;06/16/2014;2;5112.500000000000;2;0.000000000000;5;09/15/2014;2;5112.500000000000;2;0.000000000000;5;12/15/2014;2;5112.500000000000;2;0.000000000000;5;03/16/2015;2;5112.500000000000;2;0.000000000000;5;06/15/2015;2;5112.500000000000;2;0.000000000000;5;09/14/2015;2;5112.500000000000;2;0.000000000000;5;12/14/2015;2;5112.500000000000;2;0.000000000000;5;03/14/2016;2;5112.500000000000;2;0.000000000000;5;06/14/2016;2;5112.500000000000;2;1000000.000000000000;	;2;599;3;5;04/30/2003;2;29574.332999999999;2;0.000000000000;5;04/30/2004;2;51580.000000000000;2;0.000000000000;5;04/30/2005;2;51580.000000000000;2;0.000000000000;5;04/30/2006;2;51580.000000000000;2;0.000000000000;5;04/30/2007;2;51580.000000000000;2;0.000000000000;5;04/30/2008;2;51580.000000000000;2;0.000000000000;5;04/30/2009;2;51580.000000000000;2;0.000000000000;5;04/30/2010;2;51580.000000000000;2;0.000000000000;5;04/30/2011;2;51580.000000000000;2;0.000000000000;5;04/30/2012;2;51580.000000000000;2;0.000000000000;5;04/30/2013;2;51580.000000000000;2;0.000000000000;5;04/30/2014;2;51580.000000000000;2;0.000000000000;5;04/30/2015;2;51580.000000000000;2;0.000000000000;5;04/30/2016;2;51580.000000000000;2;0.000000000000;5;04/30/2017;2;51580.000000000000;2;0.000000000000;5;04/30/2018;2;51580.000000000000;2;0.000000000000;5;04/30/2019;2;51580.000000000000;2;0.000000000000;5;04/30/2020;2;51580.000000000000;2;0.000000000000;5;04/30/2021;2;51580.000000000000;2;0.000000000000;5;04/30/2022;2;51580.000000000000;2;0.000000000000;5;04/30/2023;2;51580.000000000000;2;0.000000000000;5;04/30/2024;2;51580.000000000000;2;0.000000000000;5;04/30/2025;2;51580.000000000000;2;0.000000000000;5;04/30/2026;2;51580.000000000000;2;0.000000000000;5;04/30/2027;2;51580.000000000000;2;0.000000000000;5;04/30/2028;2;51580.000000000000;2;0.000000000000;5;04/30/2029;2;51580.000000000000;2;0.000000000000;5;04/30/2030;2;51580.000000000000;2;0.000000000000;5;04/30/2031;2;51580.000000000000;2;0.000000000000;5;04/30/2032;2;51580.000000000000;2;0.000000000000;5;04/30/2033;2;51580.000000000000;2;0.000000000000;5;04/30/2034;2;51580.000000000000;2;0.000000000000;5;04/30/2035;2;51580.000000000000;2;0.000000000000;5;04/30/2036;2;51580.000000000000;2;0.000000000000;5;04/30/2037;2;51580.000000000000;2;0.000000000000;5;04/30/2038;2;51580.000000000000;2;0.000000000000;5;04/30/2039;2;51580.000000000000;2;0.000000000000;5;04/30/2040;2;51580.000000000000;2;0.000000000000;5;04/30/2041;2;51580.000000000000;2;0.000000000000;5;04/30/2042;2;51580.000000000000;2;0.000000000000;5;04/30/2043;2;51580.000000000000;2;0.000000000000;5;04/30/2044;2;51580.000000000000;2;0.000000000000;5;04/30/2045;2;51580.000000000000;2;0.000000000000;5;04/30/2046;2;51580.000000000000;2;0.000000000000;5;04/30/2047;2;51580.000000000000;2;0.000000000000;5;04/30/2048;2;51580.000000000000;2;0.000000000000;5;04/30/2049;2;51580.000000000000;2;0.000000000000;5;04/30/2050;2;51580.000000000000;2;0.000000000000;5;04/30/2051;2;51580.000000000000;2;0.000000000000;5;04/30/2052;2;51580.000000000000;2;0.000000000000;5;04/30/2053;2;51580.000000000000;2;0.000000000000;5;04/30/2054;2;51580.000000000000;2;0.000000000000;5;04/30/2055;2;51580.000000000000;2;0.000000000000;5;04/30/2056;2;51580.000000000000;2;0.000000000000;5;04/30/2057;2;51580.000000000000;2;0.000000000000;5;04/30/2058;2;51580.000000000000;2;0.000000000000;5;04/30/2059;2;51580.000000000000;2;0.000000000000;5;04/30/2060;2;51580.000000000000;2;0.000000000000;5;04/30/2061;2;51580.000000000000;2;0.000000000000;5;04/30/2062;2;51580.000000000000;2;0.000000000000;5;04/30/2063;2;51580.000000000000;2;0.000000000000;5;04/30/2064;2;51580.000000000000;2;0.000000000000;5;04/30/2065;2;51580.000000000000;2;0.000000000000;5;04/30/2066;2;51580.000000000000;2;0.000000000000;5;04/30/2067;2;51580.000000000000;2;0.000000000000;5;04/30/2068;2;51580.000000000000;2;0.000000000000;5;04/30/2069;2;51580.000000000000;2;0.000000000000;5;04/30/2070;2;51580.000000000000;2;0.000000000000;5;04/30/2071;2;51580.000000000000;2;0.000000000000;5;04/30/2072;2;51580.000000000000;2;0.000000000000;5;04/30/2073;2;51580.000000000000;2;0.000000000000;5;04/30/2074;2;51580.000000000000;2;0.000000000000;5;04/30/2075;2;51580.000000000000;2;0.000000000000;5;04/30/2076;2;51580.000000000000;2;0.000000000000;5;04/30/2077;2;51580.000000000000;2;0.000000000000;5;04/30/2078;2;51580.000000000000;2;0.000000000000;5;04/30/2079;2;51580.000000000000;2;0.000000000000;5;04/30/2080;2;51580.000000000000;2;0.000000000000;5;04/30/2081;2;51580.000000000000;2;0.000000000000;5;04/30/2082;2;51580.000000000000;2;0.000000000000;5;04/30/2083;2;51580.000000000000;2;0.000000000000;5;04/30/2084;2;51580.000000000000;2;0.000000000000;5;04/30/2085;2;51580.000000000000;2;0.000000000000;5;04/30/2086;2;51580.000000000000;2;0.000000000000;5;04/30/2087;2;51580.000000000000;2;0.000000000000;5;04/30/2088;2;51580.000000000000;2;0.000000000000;5;04/30/2089;2;51580.000000000000;2;0.000000000000;5;04/30/2090;2;51580.000000000000;2;0.000000000000;5;04/30/2091;2;51580.000000000000;2;0.000000000000;5;04/30/2092;2;51580.000000000000;2;0.000000000000;5;04/30/2093;2;51580.000000000000;2;0.000000000000;5;04/30/2094;2;51580.000000000000;2;0.000000000000;5;04/30/2095;2;51580.000000000000;2;0.000000000000;5;04/30/2096;2;51580.000000000000;2;0.000000000000;5;04/30/2097;2;51580.000000000000;2;0.000000000000;5;04/30/2098;2;51580.000000000000;2;0.000000000000;5;04/30/2099;2;51580.000000000000;2;0.000000000000;5;04/30/2100;2;51580.000000000000;2;0.000000000000;5;04/30/2101;2;51580.000000000000;2;0.000000000000;5;04/30/2102;2;51580.000000000000;2;0.000000000000;5;04/30/2103;2;51580.000000000000;2;0.000000000000;5;04/30/2104;2;51580.000000000000;2;0.000000000000;5;04/30/2105;2;51580.000000000000;2;0.000000000000;5;04/30/2106;2;51580.000000000000;2;0.000000000000;5;04/30/2107;2;51580.000000000000;2;0.000000000000;5;04/30/2108;2;51580.000000000000;2;0.000000000000;5;04/30/2109;2;51580.000000000000;2;0.000000000000;5;04/30/2110;2;51580.000000000000;2;0.000000000000;5;04/30/2111;2;51580.000000000000;2;0.000000000000;5;04/30/2112;2;51580.000000000000;2;0.000000000000;5;04/30/2113;2;51580.000000000000;2;0.000000000000;5;04/30/2114;2;51580.000000000000;2;0.000000000000;5;04/30/2115;2;51580.000000000000;2;0.000000000000;5;04/30/2116;2;51580.000000000000;2;0.000000000000;5;04/30/2117;2;51580.000000000000;2;0.000000000000;5;04/30/2118;2;51580.000000000000;2;0.000000000000;5;04/30/2119;2;51580.000000000000;2;0.000000000000;5;04/30/2120;2;51580.000000000000;2;0.000000000000;5;04/30/2121;2;51580.000000000000;2;0.000000000000;5;04/30/2122;2;51580.000000000000;2;0.000000000000;5;04/30/2123;2;51580.000000000000;2;0.000000000000;5;04/30/2124;2;51580.000000000000;2;0.000000000000;5;04/30/2125;2;51580.000000000000;2;0.000000000000;5;04/30/2126;2;51580.000000000000;2;0.000000000000;5;04/30/2127;2;51580.000000000000;2;0.000000000000;5;04/30/2128;2;51580.000000000000;2;0.000000000000;5;04/30/2129;2;51580.000000000000;2;0.000000000000;5;04/30/2130;2;51580.000000000000;2;0.000000000000;5;04/30/2131;2;51580.000000000000;2;0.000000000000;5;04/30/2132;2;51580.000000000000;2;0.000000000000;5;04/30/2133;2;51580.000000000000;2;0.000000000000;5;04/30/2134;2;51580.000000000000;2;0.000000000000;5;04/30/2135;2;51580.000000000000;2;0.000000000000;5;04/30/2136;2;51580.000000000000;2;0.000000000000;5;04/30/2137;2;51580.000000000000;2;0.000000000000;5;04/30/2138;2;51580.000000000000;2;0.000000000000;5;04/30/2139;2;51580.000000000000;2;0.000000000000;5;04/30/2140;2;51580.000000000000;2;0.000000000000;5;04/30/2141;2;51580.000000000000;2;0.000000000000;5;04/30/2142;2;51580.000000000000;2;0.000000000000;5;04/30/2143;2;51580.000000000000;2;0.000000000000;5;04/30/2144;2;51580.000000000000;2;0.000000000000;5;04/30/2145;2;51580.000000000000;2;0.000000000000;5;04/30/2146;2;51580.000000000000;2;0.000000000000;5;04/30/2147;2;51580.000000000000;2;0.000000000000;5;04/30/2148;2;51580.000000000000;2;0.000000000000;5;04/30/2149;2;51580.000000000000;2;0.000000000000;5;04/30/2150;2;51580.000000000000;2;0.000000000000;5;04/30/2151;2;51580.000000000000;2;0.000000000000;5;04/30/2152;2;51580.000000000000;2;0.000000000000;5;04/30/2153;2;51580.000000000000;2;0.000000000000;5;04/30/2154;2;51580.000000000000;2;0.000000000000;5;04/30/2155;2;51580.000000000000;2;0.000000000000;5;04/30/2156;2;51580.000000000000;2;0.000000000000;5;04/30/2157;2;51580.000000000000;2;0.000000000000;5;04/30/2158;2;51580.000000000000;2;0.000000000000;5;04/30/2159;2;51580.000000000000;2;0.000000000000;5;04/30/2160;2;51580.000000000000;2;0.000000000000;5;04/30/2161;2;51580.000000000000;2;0.000000000000;5;04/30/2162;2;51580.000000000000;2;0.000000000000;5;04/30/2163;2;51580.000000000000;2;0.000000000000;5;04/30/2164;2;51580.000000000000;2;0.000000000000;5;04/30/2165;2;51580.000000000000;2;0.000000000000;5;04/30/2166;2;51580.000000000000;2;0.000000000000;5;04/30/2167;2;51580.000000000000;2;0.000000000000;5;04/30/2168;2;51580.000000000000;2;0.000000000000;5;04/30/2169;2;51580.000000000000;2;0.000000000000;5;04/30/2170;2;51580.000000000000;2;0.000000000000;5;04/30/2171;2;51580.000000000000;2;0.000000000000;5;04/30/2172;2;51580.000000000000;2;0.000000000000;5;04/30/2173;2;51580.000000000000;2;0.000000000000;5;04/30/2174;2;51580.000000000000;2;0.000000000000;5;04/30/2175;2;51580.000000000000;2;0.000000000000;5;04/30/2176;2;51580.000000000000;2;0.000000000000;5;04/30/2177;2;51580.000000000000;2;0.000000000000;5;04/30/2178;2;51580.000000000000;2;0.000000000000;5;04/30/2179;2;51580.000000000000;2;0.000000000000;5;04/30/2180;2;51580.000000000000;2;0.000000000000;5;04/30/2181;2;51580.000000000000;2;0.000000000000;5;04/30/2182;2;51580.000000000000;2;0.000000000000;5;04/30/2183;2;51580.000000000000;2;0.000000000000;5;04/30/2184;2;51580.000000000000;2;0.000000000000;5;04/30/2185;2;51580.000000000000;2;0.000000000000;5;04/30/2186;2;51580.000000000000;2;0.000000000000;5;04/30/2187;2;51580.000000000000;2;0.000000000000;5;04/30/2188;2;51580.000000000000;2;0.000000000000;5;04/30/2189;2;51580.000000000000;2;0.000000000000;5;04/30/2190;2;51580.000000000000;2;0.000000000000;5;04/30/2191;2;51580.000000000000;2;0.000000000000;5;04/30/2192;2;51580.000000000000;2;0.000000000000;5;04/30/2193;2;51580.000000000000;2;0.000000000000;5;04/30/2194;2;51580.000000000000;2;0.000000000000;5;04/30/2195;2;51580.000000000000;2;0.000000000000;5;04/30/2196;2;51580.000000000000;2;0.000000000000;5;04/30/2197;2;51580.000000000000;2;0.000000000000;5;04/30/2198;2;51580.000000000000;2;0.000000000000;5;04/30/2199;2;51580.000000000000;2;0.000000000000;5;04/30/2200;2;51580.000000000000;2;0.000000000000;5;04/30/2201;2;51580.000000000000;2;0.000000000000;5;04/30/2202;2;51580.000000000000;2;0.000000000000;5;04/30/2203;2;51580.000000000000;2;0.000000000000;5;04/30/2204;2;51580.000000000000;2;0.000000000000;5;04/30/2205;2;51580.000000000000;2;0.000000000000;5;04/30/2206;2;51580.000000000000;2;0.000000000000;5;04/30/2207;2;51580.000000000000;2;0.000000000000;5;04/30/2208;2;51580.000000000000;2;0.000000000000;5;04/30/2209;2;51580.000000000000;2;0.000000000000;5;04/30/2210;2;51580.000000000000;2;0.000000000000;5;04/30/2211;2;51580.000000000000;2;0.000000000000;5;04/30/2212;2;51580.000000000000;2;0.000000000000;5;04/30/2213;2;51580.000000000000;2;0.000000000000;5;04/30/2214;2;51580.000000000000;2;0.000000000000;5;04/30/2215;2;51580.000000000000;2;0.000000000000;5;04/30/2216;2;51580.000000000000;2;0.000000000000;5;04/30/2217;2;51580.000000000000;2;0.000000000000;5;04/30/2218;2;51580.000000000000;2;0.000000000000;5;04/30/2219;2;51580.000000000000;2;0.000000000000;5;04/30/2220;2;51580.000000000000;2;0.000000000000;5;04/30/2221;2;51580.000000000000;2;0.000000000000;5;04/30/2222;2;51580.000000000000;2;0.000000000000;5;04/30/2223;2;51580.000000000000;2;0.000000000000;5;04/30/2224;2;51580.000000000000;2;0.000000000000;5;04/30/2225;2;51580.000000000000;2;0.000000000000;5;04/30/2226;2;51580.000000000000;2;0.000000000000;5;04/30/2227;2;51580.000000000000;2;0.000000000000;5;04/30/2228;2;51580.000000000000;2;0.000000000000;5;04/30/2229;2;51580.000000000000;2;0.000000000000;5;04/30/2230;2;51580.000000000000;2;0.000000000000;5;04/30/2231;2;51580.000000000000;2;0.000000000000;5;04/30/2232;2;51580.000000000000;2;0.000000000000;5;04/30/2233;2;51580.000000000000;2;0.000000000000;5;04/30/2234;2;51580.000000000000;2;0.000000000000;5;04/30/2235;2;51580.000000000000;2;0.000000000000;5;04/30/2236;2;51580.000000000000;2;0.000000000000;5;04/30/2237;2;51580.000000000000;2;0.000000000000;5;04/	;2;10;3;5;11/30/2010;2;0.000000000000;2;0.000000000000;5;11/30/2011;2;0.000000000000;2;0.000000000000;5;11/30/2012;2;0.000000000000;2;0.000000000000;5;11/30/2013;2;0.000000000000;2;0.000000000000;5;11/30/2014;2;0.000000000000;2;0.000000000000;5;11/30/2015;2;0.000000000000;2;0.000000000000;5;11/30/2016;2;0.000000000000;2;0.000000000000;5;11/30/2017;2;0.000000000000;2;0.000000000000;5;11/30/2018;2;0.000000000000;2;0.000000000000;5;11/30/2019;2;0.000000000000;2;1000000.000000000000;	;2;59;3;5;11/15/2015;2;15000.000000000000;2;0.000000000000;5;05/15/2016;2;15000.000000000000;2;0.000000000000;5;11/15/2016;2;15000.000000000000;2;0.000000000000;5;05/15/2017;2;15000.000000000000;2;0.000000000000;5;11/15/2017;2;15000.000000000000;2;0.000000000000;5;05/15/2018;2;15000.000000000000;2;0.000000000000;5;11/15/2018;2;15000.000000000000;2;0.000000000000;5;05/15/2019;2;15000.000000000000;2;0.000000000000;5;11/15/2019;2;15000.000000000000;2;0.000000000000;5;05/15/2020;2;15000.000000000000;2;0.000000000000;5;11/15/2020;2;15000.000000000000;2;0.000000000000;5;05/15/2021;2;15000.000000000000;2;0.000000000000;5;11/15/2021;2;15000.000000000000;2;0.000000000000;5;05/15/2022;2;15000.000000000000;2;0.000000000000;5;11/15/2022;2;15000.000000000000;2;0.000000000000;5;05/15/2023;2;15000.000000000000;2;0.000000000000;5;11/15/2023;2;15000.000000000000;2;0.000000000000;5;05/15/2024;2;15000.000000000000;2;0.000000000000;5;11/15/2024;2;15000.000000000000;2;0.000000000000;5;05/15/2025;2;15000.000000000000;2;0.000000000000;5;11/15/2025;2;15000.000000000000;2;0.000000000000;5;05/15/2026;2;15000.000000000000;2;0.000000000000;5;11/15/2026;2;15000.000000000000;2;0.000000000000;5;05/15/2027;2;15000.000000000000;2;0.000000000000;5;11/15/2027;2;15000.000000000000;2;0.000000000000;5;05/15/2028;2;15000.000000000000;2;0.000000000000;5;11/15/2028;2;15000.000000000000;2;0.000000000000;5;05/15/2029;2;15000.000000000000;2;0.000000000000;5;11/15/2029;2;15000.000000000000;2;0.000000000000;5;05/15/2030;2;15000.000000000000;2;0.000000000000;5;11/15/2030;2;15000.000000000000;2;0.000000000000;5;05/15/2031;2;15000.000000000000;2;0.000000000000;5;11/15/2031;2;15000.000000000000;2;0.000000000000;5;05/15/2032;2;15000.000000000000;2;0.000000000000;5;11/15/2032;2;15000.000000000000;2;0.000000000000;5;05/15/2033;2;15000.000000000000;2;0.000000000000;5;11/15/2033;2;15000.000000000000;2;0.000000000000;5;05/15/2034;2;15000.000000000000;2;0.000000000000;5;11/15/2034;2;15000.000000000000;2;0.000000000000;5;05/15/2035;2;15000.000000000000;2;0.000000000000;5;11/15/2035;2;15000.000000000000;2;0.000000000000;5;05/15/2036;2;15000.000000000000;2;0.000000000000;5;11/15/2036;2;15000.000000000000;2;0.000000000000;5;05/15/2037;2;15000.000000000000;2;0.000000000000;5;11/15/2037;2;15000.000000000000;2;0.000000000000;5;05/15/2038;2;15000.000000000000;2;0.000000000000;5;11/15/2038;2;15000.000000000000;2;0.000000000000;5;05/15/2039;2;15000.000000000000;2;0.000000000000;5;11/15/2039;2;15000.000000000000;2;0.000000000000;5;05/15/2040;2;15000.000000000000;2;0.000000000000;5;11/15/2040;2;15000.000000000000;2;0.000000000000;5;05/15/2041;2;15000.000000000000;2;0.000000000000;5;11/15/2041;2;15000.000000000000;2;0.000000000000;5;05/15/2042;2;15000.000000000000;2;0.000000000000;5;11/15/2042;2;15000.000000000000;2;0.000000000000;5;05/15/2043;2;15000.000000000000;2;0.000000000000;5;11/15/2043;2;15000.000000000000;2;0.000000000000;5;05/15/2044;2;15000.000000000000;2;0.000000000000;5;11/15/2044;2;15000.000000000000;2;1000000.000000000000;	;2;4;3;5;10/31/2015;2;2500.000000000000;2;0.000000000000;5;04/30/2016;2;2500.000000000000;2;0.000000000000;5;10/31/2016;2;2500.000000000000;2;0.000000000000;5;04/30/2017;2;2500.000000000000;2;1000000.000000000000;	;2;40;3;5;02/07/1999;2;29400.000000000000;2;0.000000000000;5;08/07/1999;2;29400.000000000000;2;0.000000000000;5;02/07/2000;2;29400.000000000000;2;0.000000000000;5;08/07/2000;2;29400.000000000000;2;0.000000000000;5;02/07/2001;2;29400.000000000000;2;0.000000000000;5;08/07/2001;2;29400.000000000000;2;0.000000000000;5;02/07/2002;2;29400.000000000000;2;0.000000000000;5;08/07/2002;2;29400.000000000000;2;0.000000000000;5;02/07/2003;2;29400.000000000000;2;0.000000000000;5;08/07/2003;2;29400.000000000000;2;0.000000000000;5;02/07/2004;2;29400.000000000000;2;0.000000000000;5;08/07/2004;2;29400.000000000000;2;0.000000000000;5;02/07/2005;2;29400.000000000000;2;0.000000000000;5;08/07/2005;2;29400.000000000000;2;0.000000000000;5;02/07/2006;2;29400.000000000000;2;0.000000000000;5;08/07/2006;2;29400.000000000000;2;0.000000000000;5;02/07/2007;2;29400.000000000000;2;0.000000000000;5;08/07/2007;2;29400.000000000000;2;0.000000000000;5;02/07/2008;2;29400.000000000000;2;0.000000000000;5;08/07/2008;2;29400.000000000000;2;0.000000000000;5;02/07/2009;2;32700.000000000000;2;0.000000000000;5;08/07/2009;2;32700.000000000000;2;0.000000000000;5;02/07/2010;2;32700.000000000000;2;0.000000000000;5;08/07/2010;2;32700.000000000000;2;0.000000000000;5;02/07/2011;2;32700.000000000000;2;0.000000000000;5;08/07/2011;2;32700.000000000000;2;0.000000000000;5;02/07/2012;2;32700.000000000000;2;0.000000000000;5;08/07/2012;2;32700.000000000000;2;0.000000000000;5;02/07/2013;2;32700.000000000000;2;0.000000000000;5;08/07/2013;2;32700.000000000000;2;0.000000000000;5;02/07/2014;2;32700.000000000000;2;0.000000000000;5;08/07/2014;2;32700.000000000000;2;0.000000000000;5;02/07/2015;2;32700.000000000000;2;0.000000000000;5;08/07/2015;2;32700.000000000000;2;0.000000000000;5;02/07/2016;2;32700.000000000000;2;0.000000000000;5;08/07/2016;2;32700.000000000000;2;0.000000000000;5;02/07/2017;2;32700.000000000000;2;0.000000000000;5;08/07/2017;2;32700.000000000000;2;0.000000000000;5;02/07/2018;2;32700.000000000000;2;0.000000000000;5;08/07/2018;2;32700.000000000000;2;1000000.000000000000;	;2;1;3;5;07/21/2016;2;0.000000000000;2;1000000.000000000000;	;2;8;3;5;09/16/2013;2;17651.111000000001;2;0.000000000000;5;03/16/2014;2;18800.000000000000;2;0.000000000000;5;09/16/2014;2;18800.000000000000;2;0.000000000000;5;03/16/2015;2;18800.000000000000;2;0.000000000000;5;09/16/2015;2;18800.000000000000;2;0.000000000000;5;03/16/2016;2;18800.000000000000;2;0.000000000000;5;09/16/2016;2;18800.000000000000;2;0.000000000000;5;03/16/2017;2;18800.000000000000;2;1000000.000000000000;	;2;12;3;5;08/01/2004;2;57500.000000000000;2;0.000000000000;5;08/01/2005;2;57500.000000000000;2;0.000000000000;5;08/01/2006;2;57500.000000000000;2;0.000000000000;5;08/01/2007;2;57500.000000000000;2;0.000000000000;5;08/01/2008;2;57500.000000000000;2;0.000000000000;5;08/01/2009;2;57500.000000000000;2;0.000000000000;5;08/01/2010;2;57500.000000000000;2;0.000000000000;5;08/01/2011;2;57500.000000000000;2;0.000000000000;5;08/01/2012;2;57500.000000000000;2;0.000000000000;5;08/01/2013;2;57500.000000000000;2;0.000000000000;5;08/01/2014;2;57500.000000000000;2;0.000000000000;5;08/01/2015;2;57500.000000000000;2;1000000.000000000000;	;2;54;3;5;08/12/1989;2;0.000000000000;2;0.000000000000;5;02/12/1990;2;0.000000000000;2;0.000000000000;5;08/12/1990;2;0.000000000000;2;0.000000000000;5;02/12/1991;2;0.000000000000;2;0.000000000000;5;08/12/1991;2;0.000000000000;2;0.000000000000;5;02/12/1992;2;0.000000000000;2;0.000000000000;5;08/12/1992;2;0.000000000000;2;0.000000000000;5;02/12/1993;2;0.000000000000;2;0.000000000000;5;08/12/1993;2;0.000000000000;2;0.000000000000;5;02/12/1994;2;0.000000000000;2;0.000000000000;5;08/12/1994;2;0.000000000000;2;0.000000000000;5;02/12/1995;2;0.000000000000;2;0.000000000000;5;08/12/1995;2;0.000000000000;2;0.000000000000;5;02/12/1996;2;0.000000000000;2;0.000000000000;5;08/12/1996;2;0.000000000000;2;0.000000000000;5;02/12/1997;2;0.000000000000;2;0.000000000000;5;08/12/1997;2;0.000000000000;2;0.000000000000;5;02/12/1998;2;0.000000000000;2;0.000000000000;5;08/12/1998;2;0.000000000000;2;0.000000000000;5;02/12/1999;2;0.000000000000;2;0.000000000000;5;08/12/1999;2;0.000000000000;2;0.000000000000;5;02/12/2000;2;0.000000000000;2;0.000000000000;5;08/12/2000;2;0.000000000000;2;0.000000000000;5;02/12/2001;2;0.000000000000;2;0.000000000000;5;08/12/2001;2;0.000000000000;2;0.000000000000;5;02/12/2002;2;0.000000000000;2;0.000000000000;5;08/12/2002;2;0.000000000000;2;0.000000000000;5;02/12/2003;2;0.000000000000;2;0.000000000000;5;08/12/2003;2;0.000000000000;2;0.000000000000;5;02/12/2004;2;0.000000000000;2;0.000000000000;5;08/12/2004;2;0.000000000000;2;0.000000000000;5;02/12/2005;2;0.000000000000;2;0.000000000000;5;08/12/2005;2;0.000000000000;2;0.000000000000;5;02/12/2006;2;0.000000000000;2;0.000000000000;5;08/12/2006;2;0.000000000000;2;0.000000000000;5;02/12/2007;2;0.000000000000;2;0.000000000000;5;08/12/2007;2;0.000000000000;2;0.000000000000;5;02/12/2008;2;0.000000000000;2;0.000000000000;5;08/12/2008;2;0.000000000000;2;0.000000000000;5;02/12/2009;2;0.000000000000;2;0.000000000000;5;08/12/2009;2;0.000000000000;2;0.000000000000;5;02/12/2010;2;0.000000000000;2;0.000000000000;5;08/12/2010;2;0.000000000000;2;0.000000000000;5;02/12/2011;2;0.000000000000;2;0.000000000000;5;08/12/2011;2;0.000000000000;2;0.000000000000;5;02/12/2012;2;0.000000000000;2;0.000000000000;5;08/12/2012;2;0.000000000000;2;0.000000000000;5;02/12/2013;2;0.000000000000;2;0.000000000000;5;08/12/2013;2;0.000000000000;2;0.000000000000;5;02/12/2014;2;0.000000000000;2;0.000000000000;5;08/12/2014;2;0.000000000000;2;0.000000000000;5;02/12/2015;2;0.000000000000;2;0.000000000000;5;08/12/2015;2;0.000000000000;2;0.000000000000;5;02/12/2016;2;0.000000000000;2;1000000.000000000000;
DiscountDecStatic	Integer	0	0	0	0	0	0	0	0	0	0	0	0
DiscountFmtStatic	Integer	0	0	0	0	0	0	0	0	0	0	0	0
DiscountMaxStatic	Integer	0	0	0	0	0	0	0	0	0	0	0	0
DiscountMinStatic	Integer	0	0	0	0	0	0	0	0	0	0	0	0
DiscountTickStatic	Integer	0	0	0	0	0	0	0	0	0	0	0	0
EquityDesc	String	PROVINCE OF ALBERTA	CANADA-GOV'T REAL RETURN	BANQUE INTERNATIONAL LUX	CAPITAL FUNDING GMBH	TATA CAPITAL LTD	US TREASURY N/B	US TREASURY N/B	PROVINCE OF QUEBEC	TREASURY BILL	KOMMUNALBANKEN AS	KONKAN RAILWAY CORPN LTD	FANNIEMAE STRIPS
EstimatedNextCouponPay	String			N	N								
ExchangeCode	String	NOT LISTED	NOT LISTED	SIX	FRANKFURT	NSE INDIA	BERLIN	BERLIN	NOT LISTED		NOT LISTED	NSE INDIA	TRACE
ExchangeStr	String												
ExDvdSchedule	String												
ExtCapCpnSchedule	String												
ExtendedCashFlow	String												
External	Integer	0	0	0	0	0	0	0	0	0	0	0	0
ExternalId	String	COED2591524	COGG7107137	COEF4059491	COEC7013914	COEI1316922	GV912810RJ9	GV912828K66	COEC0102243	GV912796GW3	COEJ5712306	COED0412541	CO008452CF9
ExternalStr	String	Unknown	Unknown	Unknown	Unknown	Unknown	Unknown	Unknown	Unknown	Unknown	Unknown	Unknown	Unknown
Factor	Integer	0	0	0	0	0	0	0	0	0	0	0	0
FactorSchedule	String	;2;30;2;5;12/17/2003;3;1.000000000000;5;06/17/2004;3;0.977282185000;5;12/17/2004;3;0.953992677000;5;06/17/2005;3;0.930117087000;5;12/17/2005;3;0.905640669000;5;06/17/2006;3;0.880548302000;5;12/17/2006;3;0.854824485000;5;06/17/2007;3;0.828453328000;5;12/17/2007;3;0.801418541000;5;06/17/2008;3;0.773703424000;5;12/17/2008;3;0.745290856000;5;06/17/2009;3;0.716163286000;5;12/17/2009;3;0.686302720000;5;06/17/2010;3;0.655690713000;5;12/17/2010;3;0.624308355000;5;06/17/2011;3;0.592136260000;5;12/17/2011;3;0.559154554000;5;06/17/2012;3;0.525342864000;5;12/17/2012;3;0.490680302000;5;06/17/2013;3;0.455145457000;5;12/17/2013;3;0.418716377000;5;06/17/2014;3;0.381370560000;5;12/17/2014;3;0.343084936000;5;06/17/2015;3;0.303835853000;5;12/17/2015;3;0.263599068000;5;06/17/2016;3;0.222349723000;5;12/17/2016;3;0.180062339000;5;06/17/2017;3;0.136710793000;5;12/17/2017;3;0.092268306000;5;06/17/2018;3;0.046707423000;											
FIRST_CPN_DT	Date	20040617	19920601	20070614	20030430	0	20150515	20151031	19990207	0	20130916	20040801	0
FirstSettlDate	Date	20031217	19911210	20060614	20021008	20091130	0	0	19980807	0	20130327	20030801	19890315
FixFltCpnFreq	Integer	0	0	0	0	0	0	0	0	0	0	0	0
FloaterCapRate	Real	0	0	0	0	0	0	0	0	0	0	0	0
FloaterFloorRate	Real	0	0	0	0	0	0	0	0	0	0	0	0
FloaterIndex	String			SF0003M	EUR012M								
FloaterMargin	Real	0	0	0.575	2.1	0	0	0	0	0	0	0	0
FloaterMultiplier	Real	0	0	1	1	0	0	0	0	0	0	0	0
FloaterPayDay	String			Calendar day: 14	Calendar day: 30								
FloaterReset	String			;2;23;2;5;06/14/2006;2;2.750000000000;5;06/14/2007;2;2.750000000000;5;06/14/2008;2;2.750000000000;5;06/14/2009;2;2.750000000000;5;06/14/2010;2;2.750000000000;5;06/14/2011;2;0.750000000000;5;09/14/2011;2;0.581670000000;5;12/14/2011;2;0.626670000000;5;03/14/2012;2;0.668330000000;5;06/14/2012;2;0.665830000000;5;09/14/2012;2;0.621000000000;5;12/14/2012;2;0.589000000000;5;03/14/2013;2;0.597000000000;5;06/14/2013;2;0.593000000000;5;09/16/2013;2;0.596000000000;5;12/16/2013;2;0.595000000000;5;03/14/2014;2;0.593000000000;5;06/16/2014;2;0.589000000000;5;09/15/2014;2;0.580000000000;5;12/15/2014;2;0.584000000000;5;03/16/2015;2;0.000000000000;5;06/15/2015;2;0.000000000000;5;09/14/2015;2;0.000000000000;	;2;15;2;5;10/08/2002;2;5.219000000000;5;04/30/2003;2;4.509000000000;5;04/30/2004;2;4.314000000000;5;04/30/2005;2;4.311000000000;5;04/30/2006;2;5.406000000000;5;04/30/2007;2;6.383000000000;5;04/30/2008;2;7.063000000000;5;04/30/2009;2;3.843000000000;5;04/30/2010;2;3.335000000000;5;04/30/2011;2;4.228000000000;5;04/30/2012;2;3.429000000000;5;04/30/2013;2;2.615000000000;5;04/30/2014;2;2.720000000000;5;04/30/2015;2;2.268000000000;5;04/30/2016;2;0.000000000000;								
FloaterSchedule	String			;2;2;6;5;06/14/2006;1;2.750% Fixed;1;30E/360;1;ANN;1; ;1; ;5;06/14/2011;1;SF0003M +0.575%;1;ACT/360;1;QTL;1; ;1; ;									
GiltDigits	Integer	0	0	0	0	0	0	0	0	0	0	0	0
Id	String	Govt_Sinakble_1	Govt_IndexLinked_1	Corp_Callable_1	Corp_Floater_1	Corp_ZeroCoupon_1	Govt_Fixed_1	Govt_Fixed_2	Govt_Putable_1	Govt_ZeroCoupon_1	Agency_Fixed_1	Agency_Callable_1	Agency_ZeroCoupon_1
IndexStartValue	Real	0	83.07713	0	0	0	0	0	0	0	0	0	0
IndexTicker	String		CACPI Index										
IndustryGroup	String	Regional(state/provnc)	Sovereign	Banks	Banks	Diversified Finan Serv	Sovereign	Sovereign	Regional(state/provnc)	Sovereign	Sovereign	Transportation	Sovereign
IndustrySector	String	Government	Government	Financial	Financial	Financial	Government	Government	Government	Government	Government	Industrial	Government
INFLATION_LINKED_INDICATOR	String	N	Y	N	N	N	N	N	N	N	N	N	N
InstrIdSubscr	String	CA013051CW52	CA135087UL60	CH0025572386	DE0007070088	INE976I08078	US912810RJ97	US912828K668	XS0089070485	US912796GW34	XS0895026242	INE139F09382	US008452CF98
IsCallable	String	N	N	Y	Y	N	N	N	N	N	N	Y	N
IsDayPayer	String	N	N	N	N	N	N	N	N	N	N	N	N
IsFixToFloat	String	N	N	Y	N	N			N		N	N	N
IsFloater	String	N	N	Y	Y	N	N	N	N	N	N	N	N
Isin	String	CA013051CW52	CA135087UL60	CH0025572386	DE0007070088	INE976I08078	US912810RJ97	US912828K668	XS0089070485	US912796GW34	XS0895026242	INE139F09382	US008452CF98
IsPerpetual	String	N	N	N	Y	N			N		N	N	N
IsSinkable	String	Y	N	N	N	N	N	N	N	N	N	N	N
isSubscribedMD	Integer	0	0	0	0	0	0	0	0	0	0	0	0
isSubscribedRD	Integer	1	1	1	1	1	1	1	1	1	1	1	1
Issuer	String	PROVINCE OF ALBERTA	CANADA-GOV'T REAL RETURN	BANQUE INTERNATIONAL LUX	CAPITAL FUNDING GMBH	TATA CAPITAL LTD	US TREASURY N/B	US TREASURY N/B	PROVINCE OF QUEBEC	TREASURY BILL	KOMMUNALBANKEN AS	KONKAN RAILWAY CORPN LTD	FANNIEMAE STRIPS
IssuerIndustry	String	GOVT REGIONAL	GOVT NATIONAL	BANK	SPECIAL PURPOSE	FINANCIAL	USGN	USGN	GOVT REGIONAL	USGN	GOVT AGENCY	GOVT AGENCY	GOVT AGENCY
IssuerShortName	String	ALBERTA PROVINCE	CANADA-GOV'T I/L	DEXIA BQ INT LUX	CAPITAL FUNDING	TATA CAPITAL LTD	US TREASURY N/B	US TREASURY N/B	QUEBEC PROVINCE	TREASURY BILL	KOMMUNALBANKEN	KONKAN RLWY CORP	AGENCY STRIPS
LastTradableDate	Date	0	0	0	0	0	0	0	0	0	0	0	0
MainPricingSourceStr	String	BBGMDATA	BBGMDATA	BBGMDATA	BBGMDATA	BBGMDATA	BBGMDATA	BBGMDATA	BBGMDATA	BBGMDATA	BBGMDATA	BBGMDATA	BBGMDATA
MarketDesc	String												
MarketId	String												
MarketIssue	String	CANADIAN	CANADIAN	EURO MTN	EURO-ZONE	DOMESTIC	US GOVT	US GOVT	EURO MTN	US GOVT	EURO MTN	DOMESTIC	US DOMESTIC
MarketSegment	String	Govt	Govt	Corp	Corp	Corp	Govt	Govt	Govt	Govt	Govt	Govt	Govt
MaturityBucket	String	02-04 Y	04-06 Y	00-02 Y	00-02 Y	02-04 Y	28-30 Y	00-02 Y	02-04 Y	00-02 Y	00-02 Y	00-02 Y	00-02 Y
MaturityBucketNEGRank	String												
MaturityBucketTH	String												
MaturityMonthYear	Integer	0	0	0	0	0	0	0	0	0	0	0	0
MaturityMonthYearStr	String												
MBSBalPriorMty1M	Real	0	0	0	0	0	0	0	0	0	0	0	0
MBSBalPriorMty2M	Real	0	0	0	0	0	0	0	0	0	0	0	0
MBSBalPriorMty3M	Real	0	0	0	0	0	0	0	0	0	0	0	0
MBSBalPriorMty4M	Real	0	0	0	0	0	0	0	0	0	0	0	0
MBSBalPriorMty5M	Real	0	0	0	0	0	0	0	0	0	0	0	0
MBSCalendar	String												
MBSComplianceCode	String												
MBSDateInterestAdjustment	Date	0	0	0	0	0	0	0	0	0	0	0	0
MBSPayDaysOffset	Integer	0	0	0	0	0	0	0	0	0	0	0	0
MBSPoolId	String												
MBSPrevBalancePerSettle	Real	0	0	0	0	0	0	0	0	0	0	0	0
MBSQtyIssue	Real	0	0	0	0	0	0	0	0	0	0	0	0
MktErrStr	String	OK	OK	OK	OK	OK	OK	OK	OK	OK	OK	OK	OK
MtgHistCpn	String												
MtyRefundType	String	SINKABLE	AT MATURITY	CALLABLE	PERP/CALL	AT MATURITY	NORMAL	NORMAL	PUTABLE	NORMAL	AT MATURITY	CALL/PUT	AT MATURITY
MultiCpnScheduleTyp	Integer	0	0	0	0	0	0	0	1	0	0	0	0
NextCallDate	Date	0	0	20150914	20160430	0	0	0	0	0	0	0	0
NumStaticExtendedField	Integer	130	130	130	130	130	130	130	130	130	130	130	130
OptionStyle	String												
OptionStyleInt	Integer	0	0	0	0	0	0	0	0	0	0	0	0
OptionType	Integer	0	0	0	0	0	0	0	0	0	0	0	0
OptionTypeStr	String												
OutrId	String												
Path	String	Corp	Corp	Corp	Corp	Corp	Govt	Govt	Corp	Govt	Corp	Corp	Corp
PayCalendar	String			;2;2;1;1;EN;1;SZ;	;2;1;1;1;TE;								
PaymentDayStr	String												
PriceCls	Real	108.425	130.519	98.5	86.209	0	101.8671875	99.7109375	114.653	0.3075	88.839	0	99.846
PriceDec	Integer	10	10	10	10	10	10	10	10	10	10	10	10
PriceDecStatic	Integer	0	0	0	0	0	0	0	0	0	0	0	0
PriceFmt	Integer	0	0	0	0	0	0	0	0	0	0	0	0
PriceFmtStatic	Integer	0	0	0	0	0	0	0	0	0	0	0	0
PriceMax	Real	0	0	0	0	0	0	0	0	0	0	0	0
PriceMaxStatic	Real	0	0	0	0	0	0	0	0	0	0	0	0
PriceMin	Real	0	0	0	0	0	0	0	0	0	0	0	0
PriceMinStatic	Real	0	0	0	0	0	0	0	0	0	0	0	0
PriceStrike	Real	0	0	0	0	0	0	0	0	0	0	0	0
PriceTick	Real	0	0	0	0	0	0	0	0	0	0	0	0
PriceTickStatic	Real	0	0	0	0	0	0	0	0	0	0	0	0
PriceType	Integer	0	0	0	0	0	0	0	0	0	0	0	0
PriceTypeMask	Integer	3	3	3	3	3	3	3	3	3	3	3	3
PriceTypeMaskStr	String	Price Yield 	Price Yield 	Price Yield 	Price Yield 	Price Yield 	Price Yield 	Price Yield 	Price Yield 	Price Yield 	Price Yield 	Price Yield 	Price Yield 
PriceTypeStr	String	Undef	Undef	Undef	Undef	Undef	Undef	Undef	Undef	Undef	Undef	Undef	Undef
PricingSource	String												
PricingSourceStr	String	BBGMDATA	BBGMDATA	BBGMDATA	BBGMDATA	BBGMDATA	BBGMDATA	BBGMDATA	BBGMDATA	BBGMDATA	BBGMDATA	BBGMDATA	BBGMDATA
PxDirtyClean	String	CLEAN	CLEAN	CLEAN	CLEAN	CLEAN	CLEAN	CLEAN	CLEAN	CLEAN	CLEAN	CLEAN	CLEAN
QtyDec	Integer	10	10	10	10	10	10	10	10	10	10	10	10
QtyIssue	Real	100000000	5175000000	100000000	180000000	567500000	42021000000	26095000000	250000000	25000000000	60000000000	50000000	0
QtyMax	Real	0	0	0	0	0	0	0	0	0	0	0	0
QtyMin	Real	0	0	0	0	0	0	0	0	0	0	0	0
QtyNominal	Integer	0	0	0	0	0	0	0	0	0	0	0	0
QtyRemaining	Real	30383583.98	5175000000	66820000	180000000	567500000	42021000000	26095000000	250000000	25000000000	60000000000	0	0
QtyTick	Real	0	0	0	0	0	0	0	0	0	0	0	0
QuoteQtyTick	Real	0	0	0	0	0	0	0	0	0	0	0	0
QuoteType	Integer	1	1	1	1	1	1	1	1	2	1	1	1
QuotingSide	String	Double	Double	Double	Double	Double	Double	Double	Double	Double	Double	Double	Double
RatingBBGComp	String	AAA	AAA	BB+	NR				A+		NR		NR
RatingFitch	String				BB				AA-				
RatingMoodys	String	Aaa	Aaa	Ba1					Aa2		NR		
RatingStandardPoors	String	AAA	AAA	BBB-					A+				
Record	String												
RedemptionValue	Real	100	162.1846951	100	100	100	100	100	100	100	100	100	100
RollType	Integer	20	20	20	20	20	20	20	20	20	20	20	20
RollTypeStr	String	EOM	EOM	EOM	EOM	EOM	EOM	EOM	EOM	EOM	EOM	EOM	EOM
RtgMoodysOutlook	String	STABLE	STABLE	POS					STABLE		STABLE		
RtgStandardPoorsOutlook	String	STABLE	STABLE	NEG					STABLE		STABLE		
SecurityIdTypeStr	String												
SecurityType	Integer	2	2	2	2	2	2	2	2	2	2	2	2
SecurityTypeStr	String	Cash	Cash	Cash	Cash	Cash	Cash	Cash	Cash	Cash	Cash	Cash	Cash
Segment	String	Govt	Govt	Corp	Corp	Corp	Govt	Govt	Govt	Govt	Govt	Govt	Govt
Senior	String	N	N	N	N	N			Y		Y	Y	N
Series	String		CPI	EMTN		F			EMTN		EMTN	11A1	AGCY
SettlDays	Integer	3	3	2	2	1	1	1	2	1	2	1	1
SettlementCalendar	String	CA	CA	SZ	TE	RB	US	US	US	US	ID	RB	US
SinkSchedule	String	;2;29;2;5;06/17/2004;2;2271781.479999999981;5;12/17/2004;2;2328950.859999999870;5;06/17/2005;2;2387558.910000000149;5;12/17/2005;2;2447641.830000000075;5;06/17/2006;2;2509236.740000000224;5;12/17/2006;2;2572381.680000000168;5;06/17/2007;2;2637115.669999999925;5;12/17/2007;2;2703478.680000000168;5;06/17/2008;2;2771511.720000000205;5;12/17/2008;2;2841256.819999999832;5;06/17/2009;2;2912757.040000000037;5;12/17/2009;2;2986056.569999999832;5;06/17/2010;2;3061200.689999999944;5;12/17/2010;2;3138235.799999999814;5;06/17/2011;2;3217209.509999999776;5;12/17/2011;2;3298170.580000000075;5;06/17/2012;2;3381169.049999999814;5;12/17/2012;2;3466256.169999999925;5;06/17/2013;2;3553484.500000000000;5;12/17/2013;2;3642907.939999999944;5;06/17/2014;2;3734581.720000000205;5;12/17/2014;2;3828562.470000000205;5;06/17/2015;2;3924908.240000000224;5;12/17/2015;2;4023678.560000000056;5;06/17/2016;2;4124934.430000000168;5;12/17/2016;2;4228738.400000000373;5;06/17/2017;2;4335154.610000000335;5;12/17/2017;2;4444248.769999999553;5;06/17/2018;2;4556088.290000000037;											
Source	Integer	2	2	2	2	2	2	2	2	2	2	2	2
SourceStatus	Integer	0	0	0	0	0	0	0	0	0	0	0	0
SourceStatusStr	String	Added	Added	Added	Added	Added	Added	Added	Added	Added	Added	Added	Added
SourceStr	String	Function	Function	Function	Function	Function	Function	Function	Function	Function	Function	Function	Function
SpreadDecStatic	Integer	0	0	0	0	0	0	0	0	0	0	0	0
SpreadFmtStatic	Integer	0	0	0	0	0	0	0	0	0	0	0	0
SpreadMaxStatic	Integer	0	0	0	0	0	0	0	0	0	0	0	0
SpreadMinStatic	Integer	0	0	0	0	0	0	0	0	0	0	0	0
SpreadTickStatic	Integer	0	0	0	0	0	0	0	0	0	0	0	0
StaticExtendedSubscriptionAvailable	Integer	1	1	1	1	1	1	1	1	1	1	1	1
StaticRequestSentDate	Date	20150806	20150806	20150805	20150806	20150806	20150805	20150805	20150806	20150826	20150904	20150904	20150904
StaticRequestSentTime	Time	110228	110157	133812	110122	110242	125627	133455	110210	123142	124220	131647	132811
Status	Integer	0	0	0	0	0	0	0	0	0	0	0	0
StatusStr	String	Undef	Undef	Undef	Undef	Undef	Undef	Undef	Undef	Undef	Undef	Undef	Undef
StripType	String												IO
SubscriptionStatus	Integer	2	2	2	2	2	2	2	2	2	2	2	2
SubscriptionStatusStr	String	Subscribed	Subscribed	Subscribed	Subscribed	Subscribed	Subscribed	Subscribed	Subscribed	Subscribed	Subscribed	Subscribed	Subscribed
TermCode	String	8/12/2015	8/12/2015	8/10/2015	8/11/2015		8/7/2015	8/7/2015	8/11/2015	8/28/2015	9/9/2015		9/9/2015
ThClass	String												
Ticker	String	ALTA	CAN	BANQUE	AARB	TATSON	T	T	Q	B	KBN	KRCLIN	FNMASC
Type	Integer	0	0	0	0	0	0	0	0	0	0	0	0
TypeStr	String	Undef	Undef	Undef	Undef	Undef	Undef	Undef	Undef	Undef	Undef	Undef	Undef
UnderlyingDesc	String												
UnderlyingId	String												
ValueDec	Integer	0	0	0	0	0	0	0	0	0	0	0	0
ValueFmt	Integer	0	0	0	0	0	0	0	0	0	0	0	0
ValueMax	Real	0	0	0	0	0	0	0	0	0	0	0	0
ValueMin	Real	0	0	0	0	0	0	0	0	0	0	0	0
ValueTick	Real	0	0	0	0	0	0	0	0	0	0	0	0
ValueType	Integer	0	0	0	0	0	0	0	0	0	0	0	0
ValueTypeStr	String	Undef	Undef	Undef	Undef	Undef	Undef	Undef	Undef	Undef	Undef	Undef	Undef
WAC	Integer	0	0	0	0	0	0	0	0	0	0	0	0
WAM	Integer	0	0	0	0	0	0	0	0	0	0	0	0
WertpapierId	String		405717	A0NUE6	707008		A1ZSHE	A1Z0V3					
WI	Integer	0	0	0	0	0	0	0	0	0	0	0	0
WIStr	String	Unknown	Unknown	Unknown	Unknown	Unknown	Unknown	Unknown	Unknown	Unknown	Unknown	Unknown	Unknown
WorkoutDtMid	Date	20181217	20211201	20160614	20490429	20191130	20441115	20170430	20180807	20160721	20170316	20150801	20160212
YasBenchmarkSecurityDes	String	CAN 1 1/4 08/01/17	CAN 1 1/4 09/01/18				T 3 05/15/45	T 0 5/8 07/31/17	T 0 7/8 07/15/18		INDOGB 10 07/15/17		B 03/03/16
YDiffDecStatic	Integer	0	0	0	0	0	0	0	0	0	0	0	0
YDiffFmtStatic	Integer	0	0	0	0	0	0	0	0	0	0	0	0
YDiffMaxStatic	Real	0	0	0	0	0	0	0	0	0	0	0	0
YDiffMinStatic	Real	0	0	0	0	0	0	0	0	0	0	0	0
YDiffTickStatic	Real	0	0	0	0	0	0	0	0	0	0	0	0
YearsToMaturity	String	15Y	30Y	10Y	47Y	10Y	30Y	2Y	20Y	1Y	4Y	12Y	27Y
YellowKey	String	Corp	Corp	Corp	Corp	Corp	Govt	Govt	Corp	Govt	Corp	Corp	Corp
YieldDecStatic	Integer	0	0	0	0	0	0	0	0	0	0	0	0
YieldFmtStatic	Integer	0	0	0	0	0	0	0	0	0	0	0	0
YieldMaxStatic	Real	0	0	0	0	0	0	0	0	0	0	0	0
YieldMinStatic	Real	0	0	0	0	0	0	0	0	0	0	0	0
YieldTickStatic	Real	0	0	0	0	0	0	0	0	0	0	0	0
ZERO_CPN	String	N	N	N	N	Y	N	N	N	Y	N	N	Y
